r_rows_mean,r_rows_final,r_cols_mean,r_cols_final,r_global_mean,r_global_final,N,M,K,dt,T_total
0.9999999846696719,0.9999999838323318,0.9999935808051126,0.9999944813256387,0.9999941260794423,0.9999949497962184,441,4738,1.0,0.01,5.0
